{"filename": "pyntcloud_plot", "camera_position": [0.963928759098053, 0.9887305498123169, 0.9807001352310181], "look_at": [-0.026575537398457527, 0.004822960589081049, -0.012145106680691242], "point_size": 0.05, "point_opacity": 0.6, "line_color_list": ["0xffffff", "0xff00ff"], "lines": [[[0, 0, 0], [0, 0, 1]], [[1, 0, 0], [1, 0, 1], [1, 1, 1]]]}