{"filename": "pyntcloud_plot", "camera_position": [19.97993278503418, 19.981836318969727, 1.994019839912653e-06], "look_at": [0.004638514015823603, 0.012299521826207638, 2.4871455589492442e-11], "point_size": 0.01, "point_opacity": 0.9, "line_color_list": [], "lines": []}