{"filename": "pyntcloud_plot", "camera_position": [0.798300564289093, 1.3312102556228638, 1.798081636428833], "look_at": [-0.0034352971706539392, -0.004001709632575512, -0.009989887475967407], "point_size": 0.01, "point_opacity": 0.9, "line_color_list": [], "lines": []}