{"filename": "pyntcloud_plot", "camera_position": [109.64616394042969, 99.25037384033203, 110.93429565429688], "look_at": [2.3567416667938232, 11.859814643859863, 1.7012453079223633], "point_size": 0.3, "point_opacity": 0.9, "line_color_list": [], "lines": []}