{"filename": "pyntcloud_plot", "camera_position": [190.1123809814453, 98.23164367675781, 110.90601348876953], "look_at": [2.9466450214385986, -3.2072479724884033, -0.6667808294296265], "point_size": 0.3, "point_opacity": 0.9, "line_color_list": [], "lines": []}